events_last_window,n_users,actual_rate
1,4,0.25
2,690,0.5173913043478261
3,1425,0.5557894736842105
4,1384,0.5975433526011561
5,936,0.5950854700854701
6,511,0.6262230919765166
7,396,0.6742424242424242
8,331,0.6163141993957704
9,200,0.58
10,81,0.49382716049382713
11,33,0.45454545454545453
12,7,0.42857142857142855
13,2,0.0
