gap_days_set_at_last_step,avg_pred_prob,avg_delta_vs_base
1,0.5908298492431641,0.0024676767643541098
3,0.5896247625350952,0.0012626858660951257
7,0.5865620374679565,-0.0018000566633418202
14,0.581068217754364,-0.007293929345905781
