{
  "logreg": {
    "auc": 0.5525714285714286,
    "precision_at_top_q": 0.6416666666666667
  },
  "xgb": {
    "auc": 0.5110571428571429,
    "precision_at_top_q": 0.6208333333333333
  }
}