{
  "best_val_auc": 0.5199985714285714,
  "val_metrics": {
    "auc": 0.5199985714285714,
    "precision_at_top_q": 0.5916666388511658
  }
}